               epoch,      train/box_loss,      train/obj_loss,      train/cls_loss,   metrics/precision,      metrics/recall,     metrics/mAP_0.5,metrics/mAP_0.5:0.95,        val/box_loss,        val/obj_loss,        val/cls_loss,               x/lr0,               x/lr1,               x/lr2
                   0,             0.15629,             0.11377,            0.057623,          0.00074878,           0.0087528,          0.00041458,          9.7297e-05,             0.14262,             0.19346,            0.054279,            0.070294,           0.0033007,           0.0033007
                   1,             0.13819,             0.13457,            0.047943,             0.11794,            0.051801,            0.017907,           0.0054892,             0.13165,             0.22455,            0.052214,            0.040261,           0.0066011,           0.0066011
                   2,             0.13051,             0.15015,             0.04427,             0.53991,            0.079107,            0.035114,            0.012539,             0.12473,             0.25366,            0.045094,            0.010195,           0.0098686,           0.0098686
                   3,             0.12433,             0.15552,            0.040215,             0.45575,             0.10965,            0.052938,             0.01936,             0.12039,             0.23836,            0.041956,           0.0098515,           0.0098515,           0.0098515
                   4,             0.12061,             0.15916,            0.038204,             0.37719,             0.15454,            0.082812,            0.030989,              0.1179,             0.22365,            0.042345,           0.0098515,           0.0098515,           0.0098515
                   5,             0.11836,             0.15774,            0.037216,             0.38004,             0.15746,            0.086033,             0.03092,              0.1167,              0.2306,            0.038234,            0.009802,            0.009802,            0.009802
                   6,              0.1166,             0.15781,            0.036151,             0.31232,             0.17965,             0.10537,            0.045686,              0.1133,             0.21699,            0.038612,           0.0097525,           0.0097525,           0.0097525
                   7,             0.11549,             0.15729,            0.035532,             0.44173,             0.17335,             0.11945,            0.049495,             0.11179,              0.2155,            0.036647,            0.009703,            0.009703,            0.009703
                   8,             0.11435,              0.1586,            0.034791,             0.46301,             0.18274,             0.13335,            0.056848,             0.11088,              0.2193,            0.036386,           0.0096535,           0.0096535,           0.0096535
                   9,             0.11341,              0.1583,            0.034084,              0.4867,             0.19479,              0.1496,            0.066889,             0.10958,             0.21678,             0.03607,            0.009604,            0.009604,            0.009604
                  10,             0.11285,             0.15651,            0.033557,             0.38568,             0.20643,             0.15216,            0.064356,             0.10947,             0.21907,            0.035637,           0.0095545,           0.0095545,           0.0095545
                  11,             0.11222,             0.15827,            0.032883,             0.38799,             0.19087,             0.15748,            0.069913,             0.10889,             0.21407,             0.03528,            0.009505,            0.009505,            0.009505
                  12,             0.11166,             0.15723,             0.03261,              0.4083,              0.2063,             0.16784,            0.075911,             0.10851,             0.21059,            0.035022,           0.0094555,           0.0094555,           0.0094555
                  13,             0.11111,             0.15664,            0.032356,             0.40621,             0.20329,             0.16768,            0.075297,             0.10832,              0.2178,            0.034259,            0.009406,            0.009406,            0.009406
                  14,             0.11041,             0.15775,            0.031765,              0.4078,             0.21005,             0.17374,            0.079772,             0.10731,              0.2136,            0.034251,           0.0093565,           0.0093565,           0.0093565
                  15,             0.11023,             0.15709,            0.031544,             0.45432,             0.20137,             0.17916,            0.081596,             0.10742,             0.21545,            0.035143,            0.009307,            0.009307,            0.009307
                  16,             0.11015,             0.15809,            0.031273,             0.45871,             0.21775,             0.19353,            0.090391,             0.10629,             0.21182,            0.033772,           0.0092575,           0.0092575,           0.0092575
                  17,             0.10966,             0.15692,            0.031002,             0.47202,              0.2207,             0.19774,            0.092988,             0.10594,              0.2121,            0.033447,            0.009208,            0.009208,            0.009208
                  18,             0.10905,             0.15724,            0.030797,             0.46417,             0.22206,             0.20002,            0.093146,              0.1059,             0.21222,            0.033243,           0.0091585,           0.0091585,           0.0091585
                  19,             0.10907,             0.15814,            0.030447,             0.45571,             0.22442,             0.21029,            0.096998,             0.10608,             0.21285,            0.033061,            0.009109,            0.009109,            0.009109
                  20,             0.10868,               0.155,            0.030302,             0.47746,             0.22811,             0.21413,             0.10257,             0.10515,             0.21054,             0.03271,           0.0090595,           0.0090595,           0.0090595
                  21,             0.10842,              0.1557,            0.030192,             0.46614,              0.2363,             0.21495,             0.10179,             0.10515,             0.21243,            0.033212,             0.00901,             0.00901,             0.00901
                  22,             0.10775,             0.15438,            0.029823,             0.49964,             0.23853,             0.22674,             0.11163,              0.1048,             0.21099,            0.033063,           0.0089605,           0.0089605,           0.0089605
                  23,             0.10749,             0.15348,             0.02965,             0.41777,              0.2355,             0.22315,             0.10737,             0.10459,             0.20897,            0.032497,            0.008911,            0.008911,            0.008911
                  24,              0.1077,             0.15426,            0.029499,             0.39489,              0.2379,             0.22927,             0.11374,             0.10423,              0.2108,            0.032527,           0.0088615,           0.0088615,           0.0088615
                  25,             0.10716,             0.15382,            0.029291,             0.42703,             0.24717,             0.23252,             0.11519,             0.10443,             0.20911,            0.032541,            0.008812,            0.008812,            0.008812
                  26,              0.1067,             0.15434,            0.029092,             0.48122,             0.24499,              0.2417,             0.11938,             0.10385,             0.20922,            0.032062,           0.0087625,           0.0087625,           0.0087625
                  27,             0.10663,             0.15295,            0.029034,              0.4698,             0.25044,             0.24207,             0.11967,             0.10401,             0.21005,            0.032002,            0.008713,            0.008713,            0.008713
                  28,             0.10716,             0.15427,            0.028818,             0.42276,             0.25303,             0.24563,              0.1219,             0.10366,             0.20963,            0.031792,           0.0086635,           0.0086635,           0.0086635
                  29,             0.10724,             0.15463,            0.028781,             0.33896,             0.26502,             0.24379,             0.12387,             0.10376,             0.20992,            0.031946,            0.008614,            0.008614,            0.008614
                  30,             0.10633,              0.1548,            0.028679,             0.35667,             0.25741,             0.24844,             0.12564,             0.10347,             0.20964,            0.031976,           0.0085645,           0.0085645,           0.0085645
                  31,             0.10629,             0.15341,            0.028313,             0.42667,             0.25715,             0.25546,             0.12587,             0.10345,             0.20947,            0.031627,            0.008515,            0.008515,            0.008515
                  32,             0.10662,             0.15477,            0.028277,             0.34435,             0.27699,              0.2588,             0.12988,             0.10318,             0.20947,            0.031451,           0.0084655,           0.0084655,           0.0084655
                  33,             0.10581,             0.15459,            0.028219,             0.36552,             0.27215,             0.25746,             0.13075,             0.10308,             0.20765,            0.031374,            0.008416,            0.008416,            0.008416
                  34,             0.10581,             0.15459,            0.028041,             0.35542,             0.27922,             0.26009,             0.13184,             0.10285,             0.20852,            0.031184,           0.0083665,           0.0083665,           0.0083665
                  35,             0.10592,             0.15399,            0.027831,             0.34131,             0.28016,             0.26274,              0.1323,             0.10279,             0.20891,            0.031357,            0.008317,            0.008317,            0.008317
                  36,             0.10571,             0.15289,            0.027594,             0.35755,             0.29276,             0.26039,             0.13312,             0.10285,             0.20948,            0.031477,           0.0082675,           0.0082675,           0.0082675
                  37,             0.10599,               0.154,            0.027721,             0.39061,             0.28917,             0.27315,             0.13865,             0.10267,             0.20882,            0.031111,            0.008218,            0.008218,            0.008218
                  38,             0.10528,             0.15261,            0.027657,             0.36802,             0.29259,             0.27124,              0.1376,             0.10275,             0.20836,            0.030963,           0.0081685,           0.0081685,           0.0081685
                  39,             0.10532,             0.15304,            0.027579,             0.36722,             0.29343,              0.2747,             0.14133,             0.10231,             0.20884,            0.030885,            0.008119,            0.008119,            0.008119
                  40,             0.10496,             0.15182,            0.027314,             0.39301,             0.29274,             0.27808,             0.14183,             0.10243,             0.20814,            0.030879,           0.0080695,           0.0080695,           0.0080695
                  41,             0.10514,             0.15105,            0.027095,             0.38253,             0.29377,             0.27859,             0.14323,             0.10231,             0.20828,            0.030933,             0.00802,             0.00802,             0.00802
                  42,             0.10459,             0.15177,            0.027259,             0.38812,             0.29264,             0.27793,             0.14408,             0.10214,             0.20817,            0.030615,           0.0079705,           0.0079705,           0.0079705
                  43,             0.10496,             0.15408,            0.026935,             0.39208,             0.30616,             0.28952,             0.14908,             0.10203,              0.2081,            0.030409,            0.007921,            0.007921,            0.007921
                  44,             0.10483,             0.15194,            0.026835,             0.39114,             0.30307,              0.2892,             0.15121,             0.10188,             0.20797,            0.030537,           0.0078715,           0.0078715,           0.0078715
                  45,              0.1048,             0.15215,            0.026823,             0.39625,             0.30105,             0.28975,             0.15127,             0.10186,             0.20718,            0.030205,            0.007822,            0.007822,            0.007822
                  46,             0.10454,             0.15219,              0.0267,             0.39617,             0.30024,             0.28792,             0.14974,             0.10197,             0.20818,            0.030685,           0.0077725,           0.0077725,           0.0077725
                  47,             0.10512,             0.15279,            0.026695,             0.39177,             0.31164,             0.29151,              0.1523,             0.10168,             0.20821,            0.030602,            0.007723,            0.007723,            0.007723
                  48,             0.10462,             0.15138,            0.026364,             0.40532,             0.30383,             0.29027,             0.15212,             0.10169,              0.2076,            0.030743,           0.0076735,           0.0076735,           0.0076735
                  49,             0.10427,             0.15259,            0.026538,             0.40025,             0.30875,              0.2916,             0.15253,             0.10158,             0.20707,            0.030295,            0.007624,            0.007624,            0.007624
                  50,             0.10432,             0.15278,             0.02644,             0.38689,             0.32242,             0.29713,             0.15522,             0.10157,             0.20771,            0.030072,           0.0075745,           0.0075745,           0.0075745
                  51,             0.10374,             0.15153,            0.026138,             0.40834,             0.30974,             0.29799,             0.15542,             0.10149,             0.20746,            0.030319,            0.007525,            0.007525,            0.007525
                  52,             0.10418,             0.15067,            0.026146,             0.40221,              0.3151,             0.29876,             0.15689,             0.10141,             0.20805,            0.029965,           0.0074755,           0.0074755,           0.0074755
                  53,             0.10376,             0.15031,            0.025895,             0.41476,             0.31019,             0.29814,             0.15518,             0.10134,             0.20821,            0.030106,            0.007426,            0.007426,            0.007426
                  54,             0.10407,             0.15111,            0.026052,             0.41477,             0.31017,             0.30258,             0.15736,             0.10121,             0.20766,            0.029947,           0.0073765,           0.0073765,           0.0073765
                  55,             0.10428,             0.15302,             0.02603,             0.40893,             0.32103,             0.30525,             0.16022,             0.10117,             0.20731,            0.029869,            0.007327,            0.007327,            0.007327
                  56,             0.10394,             0.14989,            0.025916,             0.41082,             0.31801,             0.30201,             0.15863,             0.10124,             0.20673,            0.029955,           0.0072775,           0.0072775,           0.0072775
                  57,             0.10375,              0.1507,            0.025753,             0.41187,             0.31835,             0.30718,             0.16028,             0.10111,             0.20684,            0.029915,            0.007228,            0.007228,            0.007228
                  58,              0.1032,             0.15015,            0.025645,             0.40383,             0.32165,             0.30547,             0.15991,             0.10107,             0.20653,            0.029971,           0.0071785,           0.0071785,           0.0071785
                  59,              0.1034,             0.14975,            0.025579,             0.41059,             0.32504,             0.30714,              0.1618,             0.10097,             0.20743,            0.029843,            0.007129,            0.007129,            0.007129
                  60,             0.10342,             0.14967,            0.025721,             0.41324,             0.32351,             0.30881,             0.16242,             0.10095,             0.20714,            0.029802,           0.0070795,           0.0070795,           0.0070795
                  61,              0.1035,              0.1513,            0.025655,             0.42179,              0.3236,             0.31079,             0.16439,              0.1009,             0.20712,            0.029765,             0.00703,             0.00703,             0.00703
                  62,             0.10327,             0.15161,            0.025433,             0.41432,             0.32769,             0.31129,             0.16381,             0.10085,             0.20711,            0.029602,           0.0069805,           0.0069805,           0.0069805
                  63,             0.10335,               0.151,            0.025432,             0.41982,             0.32842,             0.31286,             0.16468,             0.10072,             0.20715,            0.029543,            0.006931,            0.006931,            0.006931
                  64,             0.10288,              0.1492,            0.025316,             0.42118,             0.33164,             0.31501,             0.16542,             0.10065,             0.20663,            0.029565,           0.0068815,           0.0068815,           0.0068815
                  65,              0.1032,             0.15005,            0.025283,             0.41867,             0.32996,             0.31679,             0.16705,             0.10074,             0.20689,            0.029701,            0.006832,            0.006832,            0.006832
                  66,             0.10285,             0.14851,            0.025127,             0.42264,              0.3251,             0.31585,             0.16886,             0.10068,             0.20691,            0.029654,           0.0067825,           0.0067825,           0.0067825
                  67,              0.1032,             0.14975,            0.025133,             0.42969,             0.33528,             0.32046,             0.16947,              0.1006,             0.20686,            0.029555,            0.006733,            0.006733,            0.006733
                  68,             0.10354,             0.15153,            0.025284,             0.43728,             0.32943,              0.3191,             0.16957,             0.10057,             0.20683,            0.029694,           0.0066835,           0.0066835,           0.0066835
                  69,             0.10275,              0.1487,            0.025031,              0.4302,             0.32688,             0.31939,             0.16977,             0.10062,             0.20724,            0.029495,            0.006634,            0.006634,            0.006634
                  70,             0.10295,             0.15003,            0.025106,             0.43011,             0.33015,             0.32134,             0.17093,              0.1005,             0.20667,            0.029398,           0.0065845,           0.0065845,           0.0065845
                  71,             0.10326,             0.15064,             0.02504,             0.43371,             0.33311,             0.32389,             0.17155,             0.10047,             0.20684,            0.029283,            0.006535,            0.006535,            0.006535
                  72,             0.10249,             0.14847,             0.02494,             0.42819,             0.33469,             0.32379,              0.1712,             0.10045,             0.20691,            0.029359,           0.0064855,           0.0064855,           0.0064855
                  73,             0.10278,             0.14937,            0.025018,             0.42271,              0.3381,              0.3235,             0.17089,              0.1004,             0.20701,            0.029323,            0.006436,            0.006436,            0.006436
                  74,              0.1028,             0.15021,            0.024916,             0.42702,             0.33383,              0.3227,             0.17168,             0.10036,             0.20683,            0.029356,           0.0063865,           0.0063865,           0.0063865
                  75,             0.10234,             0.14838,            0.024686,              0.4385,             0.33052,             0.32539,             0.17358,             0.10029,             0.20676,            0.029254,            0.006337,            0.006337,            0.006337
                  76,             0.10256,             0.14952,            0.024734,             0.43493,             0.33178,             0.32538,             0.17366,             0.10029,             0.20669,            0.029267,           0.0062875,           0.0062875,           0.0062875
                  77,               0.102,             0.14806,            0.024707,             0.44144,             0.33439,             0.32701,             0.17444,             0.10026,             0.20706,            0.029152,            0.006238,            0.006238,            0.006238
                  78,             0.10255,             0.14994,             0.02469,             0.43622,             0.33622,              0.3273,             0.17401,             0.10022,             0.20637,            0.029158,           0.0061885,           0.0061885,           0.0061885
                  79,             0.10231,             0.14918,            0.024562,             0.43469,             0.33921,             0.32906,             0.17524,             0.10025,             0.20728,            0.029177,            0.006139,            0.006139,            0.006139
                  80,             0.10232,             0.15012,            0.024618,             0.42972,             0.34045,             0.33069,              0.1764,             0.10021,             0.20717,            0.029145,           0.0060895,           0.0060895,           0.0060895
                  81,              0.1019,             0.14769,             0.02454,             0.42248,             0.34305,             0.32959,             0.17557,             0.10017,             0.20709,            0.029173,             0.00604,             0.00604,             0.00604
                  82,             0.10213,             0.14826,            0.024415,             0.43366,             0.34144,             0.32994,               0.176,             0.10018,              0.2067,            0.029158,           0.0059905,           0.0059905,           0.0059905
                  83,             0.10227,             0.14839,            0.024445,             0.43256,             0.34333,             0.33217,             0.17768,             0.10012,             0.20714,            0.029072,            0.005941,            0.005941,            0.005941
                  84,              0.1018,             0.14661,            0.024479,             0.43458,             0.34293,             0.33144,             0.17716,             0.10006,             0.20662,            0.028973,           0.0058915,           0.0058915,           0.0058915
                  85,             0.10229,             0.15088,            0.024528,             0.43855,             0.33856,             0.33047,             0.17602,             0.10009,             0.20673,            0.029091,            0.005842,            0.005842,            0.005842
                  86,             0.10189,             0.14822,            0.024399,              0.4421,             0.33384,               0.333,             0.17747,             0.10006,             0.20733,            0.029108,           0.0057925,           0.0057925,           0.0057925
                  87,             0.10222,             0.14941,            0.024369,             0.43653,             0.34118,             0.33372,             0.17867,             0.10003,             0.20695,            0.028994,            0.005743,            0.005743,            0.005743
                  88,             0.10213,             0.14925,             0.02443,             0.43876,             0.34144,             0.33358,             0.17867,            0.099942,             0.20694,            0.029044,           0.0056935,           0.0056935,           0.0056935
                  89,             0.10196,             0.14718,            0.023926,             0.45219,             0.33844,             0.33706,             0.18019,            0.099957,             0.20696,            0.029063,            0.005644,            0.005644,            0.005644
                  90,             0.10201,             0.14742,             0.02428,             0.45579,             0.33756,             0.33582,             0.17957,             0.09995,             0.20728,            0.028978,           0.0055945,           0.0055945,           0.0055945
                  91,             0.10162,             0.14803,            0.024029,             0.45714,             0.33715,             0.33539,             0.18042,            0.099888,             0.20718,             0.02902,            0.005545,            0.005545,            0.005545
                  92,             0.10212,             0.14876,            0.024045,             0.44969,             0.34179,             0.33636,              0.1805,            0.099866,             0.20714,            0.028976,           0.0054955,           0.0054955,           0.0054955
                  93,             0.10172,             0.14844,            0.023999,             0.44631,             0.34179,             0.33586,             0.18008,            0.099839,             0.20704,            0.028983,            0.005446,            0.005446,            0.005446
                  94,             0.10207,             0.15092,            0.024173,             0.44752,             0.33985,             0.33473,             0.18016,            0.099829,             0.20714,            0.029003,           0.0053965,           0.0053965,           0.0053965
                  95,              0.1016,             0.14917,            0.023962,             0.45105,             0.34249,             0.33801,             0.18181,            0.099804,             0.20703,            0.028939,            0.005347,            0.005347,            0.005347
                  96,             0.10139,             0.14668,            0.023834,             0.44867,             0.34632,             0.33803,             0.18151,            0.099783,             0.20726,            0.028909,           0.0052975,           0.0052975,           0.0052975
                  97,             0.10136,             0.14842,             0.02376,             0.45285,             0.34534,             0.33834,             0.18243,            0.099772,             0.20726,             0.02897,            0.005248,            0.005248,            0.005248
                  98,             0.10172,             0.14745,            0.023947,             0.46214,             0.34252,             0.33885,              0.1822,            0.099772,             0.20734,            0.028912,           0.0051985,           0.0051985,           0.0051985
                  99,             0.10168,             0.14785,            0.023883,             0.45367,             0.34621,             0.33991,             0.18315,            0.099769,             0.20734,            0.028876,            0.005149,            0.005149,            0.005149
                 100,             0.10133,             0.14785,             0.02376,             0.45359,              0.3438,              0.3392,             0.18323,            0.099751,             0.20734,            0.028931,           0.0050995,           0.0050995,           0.0050995
                 101,             0.10119,             0.14695,            0.023591,             0.45259,             0.34615,             0.34019,             0.18346,            0.099702,             0.20737,            0.028876,             0.00505,             0.00505,             0.00505
                 102,             0.10144,             0.14683,            0.023669,             0.45244,             0.34693,             0.34096,             0.18407,            0.099679,             0.20737,            0.028875,           0.0050005,           0.0050005,           0.0050005
                 103,             0.10154,             0.14658,            0.023926,             0.45152,             0.34686,              0.3403,             0.18434,            0.099684,              0.2071,            0.028908,            0.004951,            0.004951,            0.004951
                 104,             0.10138,             0.14649,            0.023661,             0.45845,             0.34556,             0.34151,             0.18462,            0.099648,             0.20716,            0.028936,           0.0049015,           0.0049015,           0.0049015
                 105,             0.10118,             0.14694,            0.023563,             0.45346,             0.34593,             0.34134,             0.18431,            0.099621,             0.20715,            0.028941,            0.004852,            0.004852,            0.004852
                 106,              0.1011,             0.14829,             0.02367,             0.46126,             0.34349,             0.34203,             0.18472,            0.099609,             0.20704,            0.028927,           0.0048025,           0.0048025,           0.0048025
                 107,             0.10077,             0.14649,            0.023554,             0.45671,             0.34465,             0.34162,             0.18436,            0.099623,             0.20732,            0.028926,            0.004753,            0.004753,            0.004753
                 108,             0.10093,             0.14624,            0.023541,             0.45309,             0.34497,             0.34136,             0.18441,             0.09961,             0.20725,             0.02893,           0.0047035,           0.0047035,           0.0047035
                 109,               0.101,              0.1466,            0.023578,             0.45706,             0.34363,             0.34184,             0.18442,              0.0996,             0.20723,            0.028916,            0.004654,            0.004654,            0.004654
                 110,             0.10119,             0.14715,            0.023329,             0.45489,             0.34851,             0.34351,             0.18521,            0.099618,             0.20729,            0.028902,           0.0046045,           0.0046045,           0.0046045
                 111,             0.10132,             0.14716,            0.023522,              0.4591,             0.34622,             0.34405,             0.18601,            0.099594,             0.20716,            0.028851,            0.004555,            0.004555,            0.004555
                 112,             0.10084,             0.14612,             0.02327,             0.46317,              0.3467,             0.34442,              0.1863,            0.099582,             0.20717,            0.028826,           0.0045055,           0.0045055,           0.0045055
                 113,             0.10057,             0.14517,             0.02318,             0.46087,             0.34681,             0.34443,             0.18675,            0.099547,             0.20698,            0.028831,            0.004456,            0.004456,            0.004456
                 114,             0.10091,             0.14668,            0.023402,             0.46213,             0.34604,             0.34501,             0.18754,            0.099535,             0.20692,            0.028809,           0.0044065,           0.0044065,           0.0044065
                 115,             0.10105,             0.14718,             0.02329,             0.46075,             0.34488,             0.34493,             0.18745,            0.099525,              0.2069,            0.028807,            0.004357,            0.004357,            0.004357
                 116,              0.1011,             0.14568,            0.023312,             0.45757,             0.34433,             0.34493,             0.18754,            0.099501,             0.20697,            0.028817,           0.0043075,           0.0043075,           0.0043075
                 117,             0.10086,             0.14579,             0.02323,             0.45727,              0.3448,             0.34569,             0.18773,            0.099496,             0.20699,            0.028838,            0.004258,            0.004258,            0.004258
                 118,             0.10091,              0.1466,            0.023226,             0.45343,              0.3469,             0.34566,             0.18738,            0.099499,             0.20699,            0.028807,           0.0042085,           0.0042085,           0.0042085
                 119,             0.10077,             0.14676,            0.023149,             0.45143,             0.34869,             0.34494,             0.18757,            0.099484,              0.2071,            0.028774,            0.004159,            0.004159,            0.004159
                 120,             0.10114,             0.14535,            0.023066,             0.45368,             0.34756,             0.34485,             0.18712,            0.099478,             0.20723,            0.028785,           0.0041095,           0.0041095,           0.0041095
                 121,             0.10033,             0.14498,             0.02311,             0.46011,             0.34632,             0.34547,             0.18736,            0.099459,             0.20726,            0.028806,             0.00406,             0.00406,             0.00406
                 122,             0.10063,             0.14541,            0.022961,             0.45524,             0.34736,             0.34557,             0.18727,            0.099452,             0.20728,            0.028796,           0.0040105,           0.0040105,           0.0040105
                 123,              0.1004,             0.14587,            0.022981,             0.45932,             0.34583,             0.34616,             0.18785,            0.099451,             0.20732,            0.028812,            0.003961,            0.003961,            0.003961
                 124,             0.10041,             0.14458,            0.022989,             0.46047,             0.34554,              0.3458,             0.18748,            0.099451,             0.20721,            0.028816,           0.0039115,           0.0039115,           0.0039115
                 125,              0.1003,             0.14421,            0.023016,             0.45857,             0.34738,             0.34528,             0.18769,            0.099443,             0.20743,            0.028848,            0.003862,            0.003862,            0.003862
                 126,             0.10039,               0.144,            0.022902,              0.4554,             0.34792,             0.34576,             0.18796,            0.099434,             0.20742,            0.028845,           0.0038125,           0.0038125,           0.0038125
                 127,             0.10055,             0.14499,            0.022837,             0.44908,             0.35106,             0.34617,             0.18797,            0.099425,             0.20753,            0.028862,            0.003763,            0.003763,            0.003763
                 128,             0.10063,             0.14575,            0.022762,             0.44897,             0.35077,             0.34644,             0.18819,            0.099416,             0.20743,            0.028871,           0.0037135,           0.0037135,           0.0037135
                 129,             0.10069,             0.14642,            0.023018,             0.44958,             0.35116,             0.34681,             0.18869,            0.099414,             0.20757,            0.028845,            0.003664,            0.003664,            0.003664
                 130,             0.10015,             0.14438,            0.022906,             0.45585,             0.35018,              0.3469,             0.18882,             0.09941,             0.20756,             0.02886,           0.0036145,           0.0036145,           0.0036145
                 131,             0.10056,             0.14452,            0.022841,              0.4539,             0.35163,             0.34718,             0.18905,            0.099405,             0.20764,            0.028865,            0.003565,            0.003565,            0.003565
                 132,             0.10044,             0.14349,            0.022642,             0.45655,             0.35155,             0.34745,             0.18916,            0.099398,             0.20762,            0.028838,           0.0035155,           0.0035155,           0.0035155
                 133,             0.10002,             0.14348,            0.022672,             0.45574,             0.35151,              0.3478,             0.18923,            0.099391,             0.20769,            0.028831,            0.003466,            0.003466,            0.003466
                 134,             0.10007,             0.14373,              0.0227,              0.4512,             0.35467,              0.3482,             0.18955,            0.099389,             0.20781,            0.028828,           0.0034165,           0.0034165,           0.0034165
                 135,             0.10016,             0.14374,             0.02278,              0.4529,             0.35304,             0.34797,             0.18966,             0.09938,             0.20785,            0.028839,            0.003367,            0.003367,            0.003367
                 136,             0.10019,             0.14491,            0.022663,             0.45717,             0.35065,             0.34826,             0.18994,            0.099369,             0.20783,            0.028821,           0.0033175,           0.0033175,           0.0033175
                 137,            0.099834,             0.14207,            0.022632,             0.45562,             0.35313,             0.34835,             0.18967,            0.099367,              0.2079,            0.028818,            0.003268,            0.003268,            0.003268
                 138,             0.10062,             0.14406,            0.022514,             0.45714,             0.35237,             0.34793,             0.18977,            0.099364,              0.2079,            0.028831,           0.0032185,           0.0032185,           0.0032185
                 139,              0.1002,             0.14405,            0.022674,             0.45815,             0.35304,             0.34822,             0.18965,            0.099369,             0.20799,            0.028822,            0.003169,            0.003169,            0.003169
                 140,            0.099929,             0.14177,            0.022473,             0.45884,             0.35366,              0.3482,             0.18963,            0.099366,             0.20794,            0.028828,           0.0031195,           0.0031195,           0.0031195
                 141,            0.099901,             0.14348,            0.022601,             0.46158,             0.35266,             0.34887,             0.18985,            0.099358,             0.20792,            0.028822,             0.00307,             0.00307,             0.00307
                 142,            0.099975,              0.1433,             0.02255,              0.4608,             0.35362,             0.34889,              0.1898,            0.099352,             0.20797,            0.028827,           0.0030205,           0.0030205,           0.0030205
                 143,            0.099792,             0.14411,            0.022539,             0.46207,             0.35324,             0.34878,             0.18983,            0.099345,             0.20801,            0.028822,            0.002971,            0.002971,            0.002971
                 144,             0.10009,             0.14286,            0.022315,              0.4623,             0.35506,             0.34917,             0.18987,            0.099342,             0.20802,            0.028814,           0.0029215,           0.0029215,           0.0029215
                 145,             0.10006,             0.14499,            0.022219,             0.46161,             0.35423,             0.34953,             0.19017,            0.099341,              0.2081,            0.028812,            0.002872,            0.002872,            0.002872
                 146,            0.099555,             0.14319,            0.022425,             0.46306,             0.35543,             0.35016,              0.1903,            0.099335,               0.208,            0.028811,           0.0028225,           0.0028225,           0.0028225
                 147,            0.099762,             0.14321,            0.022238,             0.46411,             0.35453,             0.35042,             0.19022,            0.099331,             0.20812,             0.02882,            0.002773,            0.002773,            0.002773
                 148,             0.10002,             0.14447,             0.02229,              0.4645,              0.3547,             0.35051,             0.19051,            0.099327,             0.20811,            0.028822,           0.0027235,           0.0027235,           0.0027235
                 149,            0.099889,              0.1432,            0.022282,             0.46474,              0.3551,             0.35057,             0.19053,            0.099325,             0.20812,            0.028825,            0.002674,            0.002674,            0.002674
                 150,            0.099599,             0.14302,            0.022036,               0.467,             0.35383,             0.35067,             0.19065,            0.099324,             0.20817,            0.028823,           0.0026245,           0.0026245,           0.0026245
                 151,            0.099205,              0.1423,            0.022378,              0.4672,              0.3538,             0.35077,             0.19087,             0.09932,             0.20814,            0.028828,            0.002575,            0.002575,            0.002575
                 152,              0.0994,              0.1434,              0.0221,             0.46616,             0.35325,             0.35056,             0.19082,            0.099316,             0.20822,            0.028828,           0.0025255,           0.0025255,           0.0025255
                 153,            0.099552,              0.1418,            0.022153,             0.46671,             0.35414,              0.3507,             0.19077,            0.099312,             0.20819,            0.028829,            0.002476,            0.002476,            0.002476
                 154,            0.099539,             0.14214,            0.022097,              0.4661,             0.35416,              0.3506,             0.19077,            0.099311,             0.20825,            0.028831,           0.0024265,           0.0024265,           0.0024265
                 155,            0.099589,             0.14334,            0.022216,              0.4668,             0.35431,             0.35066,             0.19083,            0.099309,             0.20824,            0.028827,            0.002377,            0.002377,            0.002377
                 156,            0.099056,             0.14209,            0.022085,             0.46593,             0.35374,             0.35047,               0.191,            0.099311,             0.20831,            0.028831,           0.0023275,           0.0023275,           0.0023275
                 157,            0.099627,             0.14369,             0.02209,             0.46436,             0.35278,             0.35048,             0.19089,            0.099309,             0.20825,            0.028834,            0.002278,            0.002278,            0.002278
                 158,            0.099045,             0.14147,            0.021907,             0.46687,             0.35264,             0.35039,             0.19072,            0.099307,             0.20829,            0.028837,           0.0022285,           0.0022285,           0.0022285
                 159,            0.099306,             0.14193,            0.021923,             0.46541,             0.35348,             0.35096,             0.19082,            0.099303,             0.20826,             0.02884,            0.002179,            0.002179,            0.002179
                 160,            0.099573,             0.14158,            0.021912,             0.46528,             0.35324,             0.35049,             0.19074,              0.0993,             0.20837,             0.02884,           0.0021295,           0.0021295,           0.0021295
                 161,            0.098801,              0.1412,            0.021916,             0.46647,             0.35248,             0.35061,             0.19078,            0.099298,             0.20837,            0.028844,             0.00208,             0.00208,             0.00208
                 162,            0.099229,             0.14126,            0.021929,             0.46832,             0.35185,             0.35075,             0.19094,            0.099297,             0.20842,            0.028844,           0.0020305,           0.0020305,           0.0020305
                 163,            0.099139,             0.14233,            0.021944,             0.46651,             0.35164,             0.35059,             0.19096,            0.099293,             0.20842,            0.028844,            0.001981,            0.001981,            0.001981
                 164,            0.099629,             0.14386,            0.021834,             0.46788,             0.35136,             0.35067,             0.19122,            0.099289,             0.20842,            0.028844,           0.0019315,           0.0019315,           0.0019315
                 165,            0.099121,             0.14089,            0.021653,             0.46754,             0.35139,             0.35073,             0.19122,            0.099289,             0.20847,            0.028843,            0.001882,            0.001882,            0.001882
                 166,            0.099146,             0.14243,            0.021703,             0.46905,             0.35078,             0.35065,             0.19142,            0.099288,              0.2085,            0.028846,           0.0018325,           0.0018325,           0.0018325
                 167,            0.098704,             0.14036,            0.021641,             0.46785,             0.35156,             0.35057,             0.19131,            0.099288,             0.20854,            0.028844,            0.001783,            0.001783,            0.001783
                 168,             0.09914,              0.1414,            0.021632,             0.47039,             0.35147,             0.35082,             0.19154,            0.099286,             0.20852,            0.028844,           0.0017335,           0.0017335,           0.0017335
                 169,            0.098696,             0.14129,            0.021686,             0.47285,             0.35103,             0.35089,             0.19138,            0.099287,             0.20847,            0.028844,            0.001684,            0.001684,            0.001684
                 170,            0.099197,             0.13986,            0.021569,             0.47163,             0.35214,             0.35132,             0.19163,            0.099287,             0.20859,            0.028844,           0.0016345,           0.0016345,           0.0016345
                 171,            0.099081,             0.14137,            0.021674,              0.4708,             0.35211,             0.35088,             0.19134,            0.099286,             0.20862,            0.028848,            0.001585,            0.001585,            0.001585
                 172,            0.098648,             0.14047,            0.021635,             0.47128,             0.35188,             0.35101,             0.19133,            0.099286,             0.20856,             0.02885,           0.0015355,           0.0015355,           0.0015355
                 173,            0.099062,             0.14013,            0.021581,             0.47106,             0.35167,             0.35106,             0.19154,            0.099286,             0.20863,            0.028851,            0.001486,            0.001486,            0.001486
                 174,            0.099085,             0.14078,            0.021644,             0.46999,              0.3515,             0.35108,             0.19161,            0.099284,             0.20859,            0.028853,           0.0014365,           0.0014365,           0.0014365
                 175,              0.0987,             0.14038,            0.021515,             0.46943,             0.35133,             0.35103,             0.19152,            0.099284,             0.20859,            0.028857,            0.001387,            0.001387,            0.001387
                 176,            0.098393,             0.14034,            0.021524,             0.46887,             0.35162,             0.35091,             0.19164,            0.099285,             0.20862,            0.028858,           0.0013375,           0.0013375,           0.0013375
                 177,            0.098822,              0.1415,            0.021613,             0.46782,             0.35214,             0.35078,             0.19155,            0.099286,             0.20864,             0.02886,            0.001288,            0.001288,            0.001288
                 178,            0.098559,             0.13991,            0.021454,              0.4679,             0.35225,             0.35078,             0.19151,            0.099287,             0.20869,            0.028864,           0.0012385,           0.0012385,           0.0012385
                 179,            0.098601,             0.14155,            0.021276,             0.46723,             0.35206,             0.35073,             0.19157,            0.099287,              0.2087,            0.028873,            0.001189,            0.001189,            0.001189
                 180,            0.098365,             0.13886,            0.021339,             0.46885,             0.35191,             0.35062,             0.19141,            0.099289,             0.20869,            0.028872,           0.0011395,           0.0011395,           0.0011395
                 181,            0.098476,             0.13963,            0.021277,             0.46731,             0.35264,             0.35079,             0.19131,             0.09929,             0.20876,            0.028873,             0.00109,             0.00109,             0.00109
                 182,            0.098672,              0.1397,            0.021364,             0.46727,             0.35261,             0.35081,             0.19128,            0.099291,             0.20874,            0.028872,           0.0010405,           0.0010405,           0.0010405
                 183,            0.098359,               0.139,            0.021215,             0.46765,             0.35269,             0.35091,             0.19135,            0.099293,             0.20873,            0.028876,            0.000991,            0.000991,            0.000991
                 184,            0.098734,             0.14019,            0.021254,             0.46739,             0.35286,              0.3508,              0.1914,            0.099295,             0.20878,            0.028883,           0.0009415,           0.0009415,           0.0009415
                 185,            0.098562,             0.13945,            0.021223,              0.4685,             0.35212,             0.35082,             0.19148,            0.099294,             0.20872,            0.028883,            0.000892,            0.000892,            0.000892
                 186,            0.098205,             0.14008,             0.02116,             0.46652,             0.35261,             0.35065,             0.19143,            0.099295,             0.20879,            0.028886,           0.0008425,           0.0008425,           0.0008425
                 187,            0.098355,             0.14038,            0.021234,              0.4667,             0.35297,             0.35053,             0.19136,            0.099296,             0.20884,            0.028891,            0.000793,            0.000793,            0.000793
                 188,            0.098217,              0.1385,             0.02114,              0.4665,             0.35333,              0.3509,             0.19154,            0.099298,             0.20881,            0.028891,           0.0007435,           0.0007435,           0.0007435
                 189,            0.098389,             0.13971,            0.021252,             0.46679,             0.35338,             0.35072,             0.19147,              0.0993,             0.20891,            0.028896,            0.000694,            0.000694,            0.000694
                 190,            0.098293,             0.13955,            0.021227,             0.46634,             0.35336,              0.3506,             0.19143,            0.099302,             0.20884,            0.028901,           0.0006445,           0.0006445,           0.0006445
                 191,            0.098676,             0.14036,            0.021213,             0.46511,             0.35402,              0.3506,             0.19154,            0.099305,             0.20888,            0.028902,            0.000595,            0.000595,            0.000595
                 192,            0.097883,             0.13966,            0.021029,             0.46534,             0.35404,             0.35079,             0.19177,            0.099306,             0.20903,            0.028904,           0.0005455,           0.0005455,           0.0005455
                 193,            0.098688,             0.14029,            0.021049,             0.46393,             0.35399,             0.35053,             0.19173,            0.099308,             0.20894,            0.028909,            0.000496,            0.000496,            0.000496
                 194,            0.098148,             0.13996,            0.020977,             0.46422,             0.35381,             0.35056,             0.19159,             0.09931,             0.20897,            0.028909,           0.0004465,           0.0004465,           0.0004465
                 195,            0.098367,             0.13807,            0.020952,             0.46389,             0.35389,             0.35054,             0.19163,            0.099312,             0.20896,            0.028912,            0.000397,            0.000397,            0.000397
                 196,            0.098491,             0.13919,             0.02097,             0.46356,             0.35406,             0.35068,             0.19175,            0.099314,             0.20904,            0.028914,           0.0003475,           0.0003475,           0.0003475
                 197,            0.098152,              0.1391,            0.020974,             0.46393,             0.35441,             0.35031,             0.19162,            0.099315,             0.20905,            0.028915,            0.000298,            0.000298,            0.000298
                 198,            0.098274,             0.13907,            0.020937,             0.46251,             0.35524,              0.3504,              0.1916,            0.099316,             0.20907,            0.028915,           0.0002485,           0.0002485,           0.0002485
                 199,            0.097999,             0.13917,            0.020931,             0.46297,             0.35473,             0.35036,             0.19166,            0.099317,             0.20905,            0.028918,            0.000199,            0.000199,            0.000199
